-- Users seed data
-- Note: Do NOT add passwords you use in real life. Passwords are now saved as clear text. This is very bad from security point of view. We will have a task to encrypt the passwords
INSERT INTO users
    (email, password)
values
    ('admin@cyf.org', '$2b$10$FoEVT.BX4UCDUy7shCpPQu8zLvGtnaUlQuue4ttGXMefVDnjeFX0W');
INSERT INTO users
    (email, password)
values
    ('user@cyf.org', '$2b$10$f9NHhQswMA7LklojJSEldeR8pghIVgA80l8N4qgoGgei6mZd8KwRu');

INSERT INTO nationalities
    (id, nationality)
VALUES
    (1, 'Afghan');
INSERT INTO nationalities
    (id, nationality)
VALUES
    (2, 'Albanian');
INSERT INTO nationalities
    (id, nationality)
VALUES
    (3, 'Algerian');
INSERT INTO nationalities
    (id, nationality)
VALUES
    (4, 'American');
INSERT INTO nationalities
    (id, nationality)
VALUES
    (5, 'Andorran');
INSERT INTO nationalities
    (id, nationality)
VALUES
    (6, 'Angolan');
INSERT INTO nationalities
    (id, nationality)
VALUES
    (7, 'Anguillan');
INSERT INTO nationalities
    (id, nationality)
VALUES
    (8, 'Argentine');
INSERT INTO nationalities
    (id, nationality)
VALUES
    (9, 'Armenian');
INSERT INTO nationalities
    (id, nationality)
VALUES
    (10, 'Australian');
INSERT INTO nationalities
    (id, nationality)
VALUES
    (11, 'Austrian');
INSERT INTO nationalities
    (id, nationality)
VALUES
    (12, 'Azerbaijani');
INSERT INTO nationalities
    (id, nationality)
VALUES
    (13, 'Bahamian');
INSERT INTO nationalities
    (id, nationality)
VALUES
    (14, 'Bahraini');
INSERT INTO nationalities
    (id, nationality)
VALUES
    (15, 'Bangladeshi');
INSERT INTO nationalities
    (id, nationality)
VALUES
    (16, 'Barbadian');
INSERT INTO nationalities
    (id, nationality)
VALUES
    (17, 'Belarusian');
INSERT INTO nationalities
    (id, nationality)
VALUES
    (18, 'Belgian');
INSERT INTO nationalities
    (id, nationality)
VALUES
    (19, 'Belizean');
INSERT INTO nationalities
    (id, nationality)
VALUES
    (20, 'Beninese');
INSERT INTO nationalities
    (id, nationality)
VALUES
    (21, 'Bermudian');
INSERT INTO nationalities
    (id, nationality)
VALUES
    (22, 'Bhutanese');
INSERT INTO nationalities
    (id, nationality)
VALUES
    (23, 'Bolivian');
INSERT INTO nationalities
    (id, nationality)
VALUES
    (24, 'Botswanan');
INSERT INTO nationalities
    (id, nationality)
VALUES
    (25, 'Brazilian');
INSERT INTO nationalities
    (id, nationality)
VALUES
    (26, 'British');
INSERT INTO nationalities
    (id, nationality)
VALUES
    (27, 'British Virgin Islander');
INSERT INTO nationalities
    (id, nationality)
VALUES
    (28, 'Bruneian');
INSERT INTO nationalities
    (id, nationality)
VALUES
    (29, 'Bulgarian');
INSERT INTO nationalities
    (id, nationality)
VALUES
    (30, 'Burkinan');
INSERT INTO nationalities
    (id, nationality)
VALUES
    (31, 'Burmese');
INSERT INTO nationalities
    (id, nationality)
VALUES
    (32, 'Burundian');
INSERT INTO nationalities
    (id, nationality)
VALUES
    (33, 'Cambodian');
INSERT INTO nationalities
    (id, nationality)
VALUES
    (34, 'Cameroonian');
INSERT INTO nationalities
    (id, nationality)
VALUES
    (35, 'Canadian');
INSERT INTO nationalities
    (id, nationality)
VALUES
    (36, 'Cape Verdean');
INSERT INTO nationalities
    (id, nationality)
VALUES
    (37, 'Cayman Islander');
INSERT INTO nationalities
    (id, nationality)
VALUES
    (38, 'Central African');
INSERT INTO nationalities
    (id, nationality)
VALUES
    (39, 'Chadian');
INSERT INTO nationalities
    (id, nationality)
VALUES
    (40, 'Chilean');
INSERT INTO nationalities
    (id, nationality)
VALUES
    (41, 'Chinese');
INSERT INTO nationalities
    (id, nationality)
VALUES
    (42, 'Citizen of Antigua and Barbuda');
INSERT INTO nationalities
    (id, nationality)
VALUES
    (43, 'Citizen of Bosnia and Herzegovina');
INSERT INTO nationalities
    (id, nationality)
VALUES
    (44, 'Citizen of Guinea-Bissau');
INSERT INTO nationalities
    (id, nationality)
VALUES
    (45, 'Citizen of Kiribati');
INSERT INTO nationalities
    (id, nationality)
VALUES
    (46, 'Citizen of Seychelles');
INSERT INTO nationalities
    (id, nationality)
VALUES
    (47, 'Citizen of the Dominican Republic');
INSERT INTO nationalities
    (id, nationality)
VALUES
    (48, 'Citizen of Vanuatu');
INSERT INTO nationalities
    (id, nationality)
VALUES
    (49, 'Colombian');
INSERT INTO nationalities
    (id, nationality)
VALUES
    (50, 'Comoran');
INSERT INTO nationalities
    (id, nationality)
VALUES
    (51, 'Congolese (Congo)');
INSERT INTO nationalities
    (id, nationality)
VALUES
    (52, 'Congolese (DRC)');
INSERT INTO nationalities
    (id, nationality)
VALUES
    (53, 'Cook Islander');
INSERT INTO nationalities
    (id, nationality)
VALUES
    (54, 'Costa Rican');
INSERT INTO nationalities
    (id, nationality)
VALUES
    (55, 'Croatian');
INSERT INTO nationalities
    (id, nationality)
VALUES
    (56, 'Cuban');
INSERT INTO nationalities
    (id, nationality)
VALUES
    (57, 'Cymraes');
INSERT INTO nationalities
    (id, nationality)
VALUES
    (58, 'Cymro');
INSERT INTO nationalities
    (id, nationality)
VALUES
    (59, 'Cypriot');
INSERT INTO nationalities
    (id, nationality)
VALUES
    (60, 'Czech');
INSERT INTO nationalities
    (id, nationality)
VALUES
    (61, 'Danish');
INSERT INTO nationalities
    (id, nationality)
VALUES
    (62, 'Djiboutian');
INSERT INTO nationalities
    (id, nationality)
VALUES
    (63, 'Dominican');
INSERT INTO nationalities
    (id, nationality)
VALUES
    (64, 'Dutch');
INSERT INTO nationalities
    (id, nationality)
VALUES
    (65, 'East Timorese');
INSERT INTO nationalities
    (id, nationality)
VALUES
    (66, 'Ecuadorean');
INSERT INTO nationalities
    (id, nationality)
VALUES
    (67, 'Egyptian');
INSERT INTO nationalities
    (id, nationality)
VALUES
    (68, 'Emirati');
INSERT INTO nationalities
    (id, nationality)
VALUES
    (69, 'English');
INSERT INTO nationalities
    (id, nationality)
VALUES
    (70, 'Equatorial Guinean');
INSERT INTO nationalities
    (id, nationality)
VALUES
    (71, 'Eritrean');
INSERT INTO nationalities
    (id, nationality)
VALUES
    (72, 'Estonian');
INSERT INTO nationalities
    (id, nationality)
VALUES
    (73, 'Ethiopian');
INSERT INTO nationalities
    (id, nationality)
VALUES
    (74, 'Faroese');
INSERT INTO nationalities
    (id, nationality)
VALUES
    (75, 'Fijian');
INSERT INTO nationalities
    (id, nationality)
VALUES
    (76, 'Filipino');
INSERT INTO nationalities
    (id, nationality)
VALUES
    (77, 'Finnish');
INSERT INTO nationalities
    (id, nationality)
VALUES
    (78, 'French');
INSERT INTO nationalities
    (id, nationality)
VALUES
    (79, 'Gabonese');
INSERT INTO nationalities
    (id, nationality)
VALUES
    (80, 'Gambian');
INSERT INTO nationalities
    (id, nationality)
VALUES
    (81, 'Georgian');
INSERT INTO nationalities
    (id, nationality)
VALUES
    (82, 'German');
INSERT INTO nationalities
    (id, nationality)
VALUES
    (83, 'Ghanaian');
INSERT INTO nationalities
    (id, nationality)
VALUES
    (84, 'Gibraltarian');
INSERT INTO nationalities
    (id, nationality)
VALUES
    (85, 'Greek');
INSERT INTO nationalities
    (id, nationality)
VALUES
    (86, 'Greenlandic');
INSERT INTO nationalities
    (id, nationality)
VALUES
    (87, 'Grenadian');
INSERT INTO nationalities
    (id, nationality)
VALUES
    (88, 'Guamanian');
INSERT INTO nationalities
    (id, nationality)
VALUES
    (89, 'Guatemalan');
INSERT INTO nationalities
    (id, nationality)
VALUES
    (90, 'Guinean');
INSERT INTO nationalities
    (id, nationality)
VALUES
    (91, 'Guyanese');
INSERT INTO nationalities
    (id, nationality)
VALUES
    (92, 'Haitian');
INSERT INTO nationalities
    (id, nationality)
VALUES
    (93, 'Honduran');
INSERT INTO nationalities
    (id, nationality)
VALUES
    (94, 'Hong Konger');
INSERT INTO nationalities
    (id, nationality)
VALUES
    (95, 'Hungarian');
INSERT INTO nationalities
    (id, nationality)
VALUES
    (96, 'Icelandic');
INSERT INTO nationalities
    (id, nationality)
VALUES
    (97, 'Indian');
INSERT INTO nationalities
    (id, nationality)
VALUES
    (98, 'Indonesian');
INSERT INTO nationalities
    (id, nationality)
VALUES
    (99, 'Iranian');
INSERT INTO nationalities
    (id, nationality)
VALUES
    (100, 'Iraqi');
INSERT INTO nationalities
    (id, nationality)
VALUES
    (101, 'Irish');
INSERT INTO nationalities
    (id, nationality)
VALUES
    (102, 'Israeli');
INSERT INTO nationalities
    (id, nationality)
VALUES
    (103, 'Italian');
INSERT INTO nationalities
    (id, nationality)
VALUES
    (104, 'Ivorian');
INSERT INTO nationalities
    (id, nationality)
VALUES
    (105, 'Jamaican');
INSERT INTO nationalities
    (id, nationality)
VALUES
    (106, 'Japanese');
INSERT INTO nationalities
    (id, nationality)
VALUES
    (107, 'Jordanian');
INSERT INTO nationalities
    (id, nationality)
VALUES
    (108, 'Kazakh');
INSERT INTO nationalities
    (id, nationality)
VALUES
    (109, 'Kenyan');
INSERT INTO nationalities
    (id, nationality)
VALUES
    (110, 'Kittitian');
INSERT INTO nationalities
    (id, nationality)
VALUES
    (111, 'Kosovan');
INSERT INTO nationalities
    (id, nationality)
VALUES
    (112, 'Kuwaiti');
INSERT INTO nationalities
    (id, nationality)
VALUES
    (113, 'Kyrgyz');
INSERT INTO nationalities
    (id, nationality)
VALUES
    (114, 'Lao');
INSERT INTO nationalities
    (id, nationality)
VALUES
    (115, 'Latvian');
INSERT INTO nationalities
    (id, nationality)
VALUES
    (116, 'Lebanese');
INSERT INTO nationalities
    (id, nationality)
VALUES
    (117, 'Liberian');
INSERT INTO nationalities
    (id, nationality)
VALUES
    (118, 'Libyan');
INSERT INTO nationalities
    (id, nationality)
VALUES
    (119, 'Liechtenstein citizen');
INSERT INTO nationalities
    (id, nationality)
VALUES
    (120, 'Lithuanian');
INSERT INTO nationalities
    (id, nationality)
VALUES
    (121, 'Luxembourger');
INSERT INTO nationalities
    (id, nationality)
VALUES
    (122, 'Macanese');
INSERT INTO nationalities
    (id, nationality)
VALUES
    (123, 'Macedonian');
INSERT INTO nationalities
    (id, nationality)
VALUES
    (124, 'Malagasy');
INSERT INTO nationalities
    (id, nationality)
VALUES
    (125, 'Malawian');
INSERT INTO nationalities
    (id, nationality)
VALUES
    (126, 'Malaysian');
INSERT INTO nationalities
    (id, nationality)
VALUES
    (127, 'Maldivian');
INSERT INTO nationalities
    (id, nationality)
VALUES
    (128, 'Malian');
INSERT INTO nationalities
    (id, nationality)
VALUES
    (129, 'Maltese');
INSERT INTO nationalities
    (id, nationality)
VALUES
    (130, 'Marshallese');
INSERT INTO nationalities
    (id, nationality)
VALUES
    (131, 'Martiniquais');
INSERT INTO nationalities
    (id, nationality)
VALUES
    (132, 'Mauritanian');
INSERT INTO nationalities
    (id, nationality)
VALUES
    (133, 'Mauritian');
INSERT INTO nationalities
    (id, nationality)
VALUES
    (134, 'Mexican');
INSERT INTO nationalities
    (id, nationality)
VALUES
    (135, 'Micronesian');
INSERT INTO nationalities
    (id, nationality)
VALUES
    (136, 'Moldovan');
INSERT INTO nationalities
    (id, nationality)
VALUES
    (137, 'Monegasque');
INSERT INTO nationalities
    (id, nationality)
VALUES
    (138, 'Mongolian');
INSERT INTO nationalities
    (id, nationality)
VALUES
    (139, 'Montenegrin');
INSERT INTO nationalities
    (id, nationality)
VALUES
    (140, 'Montserratian');
INSERT INTO nationalities
    (id, nationality)
VALUES
    (141, 'Moroccan');
INSERT INTO nationalities
    (id, nationality)
VALUES
    (142, 'Mosotho');
INSERT INTO nationalities
    (id, nationality)
VALUES
    (143, 'Mozambican');
INSERT INTO nationalities
    (id, nationality)
VALUES
    (144, 'Namibian');
INSERT INTO nationalities
    (id, nationality)
VALUES
    (145, 'Nauruan');
INSERT INTO nationalities
    (id, nationality)
VALUES
    (146, 'Nepalese');
INSERT INTO nationalities
    (id, nationality)
VALUES
    (147, 'New Zealander');
INSERT INTO nationalities
    (id, nationality)
VALUES
    (148, 'Nicaraguan');
INSERT INTO nationalities
    (id, nationality)
VALUES
    (149, 'Nigerian');
INSERT INTO nationalities
    (id, nationality)
VALUES
    (150, 'Nigerien');
INSERT INTO nationalities
    (id, nationality)
VALUES
    (151, 'Niuean');
INSERT INTO nationalities
    (id, nationality)
VALUES
    (152, 'North Korean');
INSERT INTO nationalities
    (id, nationality)
VALUES
    (153, 'Northern Irish');
INSERT INTO nationalities
    (id, nationality)
VALUES
    (154, 'Norwegian');
INSERT INTO nationalities
    (id, nationality)
VALUES
    (155, 'Omani');
INSERT INTO nationalities
    (id, nationality)
VALUES
    (156, 'Pakistani');
INSERT INTO nationalities
    (id, nationality)
VALUES
    (157, 'Palauan');
INSERT INTO nationalities
    (id, nationality)
VALUES
    (158, 'Palestinian');
INSERT INTO nationalities
    (id, nationality)
VALUES
    (159, 'Panamanian');
INSERT INTO nationalities
    (id, nationality)
VALUES
    (160, 'Papua New Guinean');
INSERT INTO nationalities
    (id, nationality)
VALUES
    (161, 'Paraguayan');
INSERT INTO nationalities
    (id, nationality)
VALUES
    (162, 'Peruvian');
INSERT INTO nationalities
    (id, nationality)
VALUES
    (163, 'Pitcairn Islander');
INSERT INTO nationalities
    (id, nationality)
VALUES
    (164, 'Polish');
INSERT INTO nationalities
    (id, nationality)
VALUES
    (165, 'Portuguese');
INSERT INTO nationalities
    (id, nationality)
VALUES
    (166, 'Prydeinig');
INSERT INTO nationalities
    (id, nationality)
VALUES
    (167, 'Puerto Rican');
INSERT INTO nationalities
    (id, nationality)
VALUES
    (168, 'Qatari');
INSERT INTO nationalities
    (id, nationality)
VALUES
    (169, 'Romanian');
INSERT INTO nationalities
    (id, nationality)
VALUES
    (170, 'Russian');
INSERT INTO nationalities
    (id, nationality)
VALUES
    (171, 'Rwandan');
INSERT INTO nationalities
    (id, nationality)
VALUES
    (172, 'Salvadorean');
INSERT INTO nationalities
    (id, nationality)
VALUES
    (173, 'Sammarinese');
INSERT INTO nationalities
    (id, nationality)
VALUES
    (174, 'Samoan');
INSERT INTO nationalities
    (id, nationality)
VALUES
    (175, 'Sao Tomean');
INSERT INTO nationalities
    (id, nationality)
VALUES
    (176, 'Saudi Arabian');
INSERT INTO nationalities
    (id, nationality)
VALUES
    (177, 'Scottish');
INSERT INTO nationalities
    (id, nationality)
VALUES
    (178, 'Senegalese');
INSERT INTO nationalities
    (id, nationality)
VALUES
    (179, 'Serbian');
INSERT INTO nationalities
    (id, nationality)
VALUES
    (180, 'Sierra Leonean');
INSERT INTO nationalities
    (id, nationality)
VALUES
    (181, 'Singaporean');
INSERT INTO nationalities
    (id, nationality)
VALUES
    (182, 'Slovak');
INSERT INTO nationalities
    (id, nationality)
VALUES
    (183, 'Slovenian');
INSERT INTO nationalities
    (id, nationality)
VALUES
    (184, 'Solomon Islander');
INSERT INTO nationalities
    (id, nationality)
VALUES
    (185, 'Somali');
INSERT INTO nationalities
    (id, nationality)
VALUES
    (186, 'South African');
INSERT INTO nationalities
    (id, nationality)
VALUES
    (187, 'South Korean');
INSERT INTO nationalities
    (id, nationality)
VALUES
    (188, 'South Sudanese');
INSERT INTO nationalities
    (id, nationality)
VALUES
    (189, 'Spanish');
INSERT INTO nationalities
    (id, nationality)
VALUES
    (190, 'Sri Lankan');
INSERT INTO nationalities
    (id, nationality)
VALUES
    (191, 'St Helenian');
INSERT INTO nationalities
    (id, nationality)
VALUES
    (192, 'St Lucian');
INSERT INTO nationalities
    (id, nationality)
VALUES
    (193, 'Stateless');
INSERT INTO nationalities
    (id, nationality)
VALUES
    (194, 'Sudanese');
INSERT INTO nationalities
    (id, nationality)
VALUES
    (195, 'Surinamese');
INSERT INTO nationalities
    (id, nationality)
VALUES
    (196, 'Swazi');
INSERT INTO nationalities
    (id, nationality)
VALUES
    (197, 'Swedish');
INSERT INTO nationalities
    (id, nationality)
VALUES
    (198, 'Swiss');
INSERT INTO nationalities
    (id, nationality)
VALUES
    (199, 'Syrian');
INSERT INTO nationalities
    (id, nationality)
VALUES
    (200, 'Taiwanese');
INSERT INTO nationalities
    (id, nationality)
VALUES
    (201, 'Tajik');
INSERT INTO nationalities
    (id, nationality)
VALUES
    (202, 'Tanzanian');
INSERT INTO nationalities
    (id, nationality)
VALUES
    (203, 'Thai');
INSERT INTO nationalities
    (id, nationality)
VALUES
    (204, 'Togolese');
INSERT INTO nationalities
    (id, nationality)
VALUES
    (205, 'Tongan');
INSERT INTO nationalities
    (id, nationality)
VALUES
    (206, 'Trinidadian');
INSERT INTO nationalities
    (id, nationality)
VALUES
    (207, 'Tristanian');
INSERT INTO nationalities
    (id, nationality)
VALUES
    (208, 'Tunisian');
INSERT INTO nationalities
    (id, nationality)
VALUES
    (209, 'Turkish');
INSERT INTO nationalities
    (id, nationality)
VALUES
    (210, 'Turkmen');
INSERT INTO nationalities
    (id, nationality)
VALUES
    (211, 'Turks and Caicos Islander');
INSERT INTO nationalities
    (id, nationality)
VALUES
    (212, 'Tuvaluan');
INSERT INTO nationalities
    (id, nationality)
VALUES
    (213, 'Ugandan');
INSERT INTO nationalities
    (id, nationality)
VALUES
    (214, 'Ukrainian');
INSERT INTO nationalities
    (id, nationality)
VALUES
    (215, 'Uruguayan');
INSERT INTO nationalities
    (id, nationality)
VALUES
    (216, 'Uzbek');
INSERT INTO nationalities
    (id, nationality)
VALUES
    (217, 'Vatican citizen');
INSERT INTO nationalities
    (id, nationality)
VALUES
    (218, 'Venezuelan');
INSERT INTO nationalities
    (id, nationality)
VALUES
    (219, 'Vietnamese');
INSERT INTO nationalities
    (id, nationality)
VALUES
    (220, 'Vincentian');
INSERT INTO nationalities
    (id, nationality)
VALUES
    (221, 'Wallisian');
INSERT INTO nationalities
    (id, nationality)
VALUES
    (222, 'Welsh');
INSERT INTO nationalities
    (id, nationality)
VALUES
    (223, 'Yemeni');
INSERT INTO nationalities
    (id, nationality)
VALUES
    (224, 'Zambian');
INSERT INTO nationalities
    (id, nationality)
VALUES
    (225, 'Zimbabwean');

INSERT INTO groups
    (id, group_name)
VALUES
    (1, 'MIN Voices');
INSERT INTO groups
    (id, group_name)
VALUES
    (2, 'Oasis Women Group');
INSERT INTO groups
    (id, group_name)
VALUES
    (3, 'Men Group');
INSERT INTO groups
    (id, group_name)
VALUES
    (4, 'Family Group');
INSERT INTO groups
    (id, group_name)
VALUES
    (5, 'Gardening Group');
INSERT INTO groups
    (id, group_name)
VALUES
    (6, 'Joyous Choir');
INSERT INTO groups
    (id, group_name)
VALUES
    (7, 'ESOL');
INSERT INTO groups
    (id, group_name)
VALUES
    (8, 'Volunteer');
INSERT INTO groups
    (id, group_name)
VALUES
    (9, 'Knit for Unity');
INSERT INTO groups
    (id, group_name)
VALUES
    (10, 'Echo Dance Project');

INSERT INTO languages
    (id, language)
VALUES
    (1, 'Albanian ');
INSERT INTO languages
    (id, language)
VALUES
    (2, 'Amharic');
INSERT INTO languages
    (id, language)
VALUES
    (3, 'Arabic');
INSERT INTO languages
    (id, language)
VALUES
    (4, 'English');
INSERT INTO languages
    (id, language)
VALUES
    (5, 'Farsi ');
INSERT INTO languages
    (id, language)
VALUES
    (6, 'French ');
INSERT INTO languages
    (id, language)
VALUES
    (7, 'Fulani ');
INSERT INTO languages
    (id, language)
VALUES
    (8, 'Greek');
INSERT INTO languages
    (id, language)
VALUES
    (9, 'Gujarati ');
INSERT INTO languages
    (id, language)
VALUES
    (10, 'Hindi ');
INSERT INTO languages
    (id, language)
VALUES
    (11, 'Maninka ');
INSERT INTO languages
    (id, language)
VALUES
    (12, 'Marathi');
INSERT INTO languages
    (id, language)
VALUES
    (13, 'Punjabi ');
INSERT INTO languages
    (id, language)
VALUES
    (14, 'Spanish ');
INSERT INTO languages
    (id, language)
VALUES
    (15, 'Swahili');
INSERT INTO languages
    (id, language)
VALUES
    (16, 'Tirinya');
INSERT INTO languages
    (id, language)
VALUES
    (17, 'Turkish');
INSERT INTO languages
    (id, language)
VALUES
    (18, 'Twi');
INSERT INTO languages
    (id, language)
VALUES
    (19, 'Urdu');
INSERT INTO languages
    (id, language)
VALUES
    (20, 'Urubu');
INSERT INTO languages
    (id, language)
VALUES
    (21, 'Wolof');
INSERT INTO languages
    (id, language)
VALUES
    (22, 'Yoruba');


INSERT INTO profiles
    (first_name, last_name, gender, nationality_id, language_id,
    date_of_birth, email, address, phone_number, occupation, type, status, notes, join_date)
values
    ('Aaishah', 'Malik', 'female', 15, 1, '1993-05-19', 'malika@hotmail.co.uk', 'Leglen Wood Crescent G21 3PT', '+44 1235 78950', 'student', 'service_user', 'active', 'Food parcel delivered 05-01-2021', '2020-10-11');
INSERT INTO profiles
    (first_name, last_name, gender, nationality_id, language_id,
    date_of_birth, email, address, phone_number, occupation, type, status, join_date)
values
    ('Michael', 'Mayer', 'male', 177, 2, '1967-01-30', 'happy_mood@cyf.org', 'Abercorn Avenue, Hillington Park  G52 4JL', '+44 1345 56788', 'teacher', 'service_user', 'inactive', '2019-05-01');
INSERT INTO profiles
    (first_name, last_name, gender, nationality_id, language_id,
    date_of_birth, email, address, phone_number, occupation, type, status, notes)
values
    ('Zubeda', 'Nicol', 'female', 85, 3, '1978-10-25', 'Nicolz@gmail.com', 'Kingsbridge Park Gardens  G44 4JG', '+44 1555 56755', 'plumber', 'service_user', 'inactive', 'Has a strong dislike of cats');
INSERT INTO profiles
    (first_name, last_name, gender, nationality_id, language_id,
    date_of_birth, email, address, phone_number, occupation, type, status)
values
    ('Sandra', 'Vinyard', 'female', 23, 4, '1989-12-08', 'S.Vinyard@gmail.com', 'Calderwood Road  G43 2RP', '+44 1367 334567', 'housewife', 'service_user', 'new');
INSERT INTO profiles
    (first_name, last_name, gender, nationality_id,language_id,
    date_of_birth, email, address, phone_number, occupation, type, status)
values
    ('Khalid', 'Abbasood', 'male', 209, 5, '1985-11-03', 'khalid_abbasood@outlook.com', 'Torrington Crescent  G32 9NU', '+44 1498 56787', 'IT technician', 'service_user', 'active');
INSERT INTO profiles
    (first_name, last_name, gender, nationality_id, language_id,
    date_of_birth, email, address, phone_number, occupation, type, status)
values
    ('Lola', 'Chard', 'female', 108, 8, '1990-02-18', 'LChard@hotmail.com', 'Yoker Mill Gardens  G13 4JJ', '+44 1433 332112', 'student', 'service_user', 'inactive');
INSERT INTO profiles
    (first_name, last_name, gender, nationality_id, language_id,
    date_of_birth, email, address, phone_number, occupation, type, status)
values
    ('Caroline', 'Abraham', 'female', 224, 10, '1988-04-22', 'carabrah@hotmail.co.uk', 'North Hanover Street  G1 2AD', '+44 1777 982356', 'accountant', 'service_user', 'inactive');
INSERT INTO profiles
    (first_name, last_name, gender, nationality_id, language_id,
    date_of_birth, email, address, phone_number, occupation, type, status)
values
    ('Abbas', 'Marchal', 'male', 49, 20, '1971-06-30', 'marchal.abbas@gmail.com', 'Plantation Drive, Bishopbriggs  G64 2FH', '+44 7793 234521', 'unemployed', 'service_user', 'new');
INSERT INTO profiles
    (first_name, last_name, gender, nationality_id, language_id,
    date_of_birth, email, address, phone_number, occupation, type, status)
values
    ('Matt', 'Chambers', 'male', 158, 15, '1981-03-10', 'sunflower_s@gmail.com', 'Craigieburn Gardens  G20 0NU', '+44 5342 992309', 'carpenter', 'service_user', 'active');
INSERT INTO profiles
    (first_name, last_name, gender, nationality_id, language_id,
    date_of_birth, email, address, phone_number, occupation, type, status)
values
    ('Samia', 'Khan', 'female', 1, 12, '1993-08-11', 'Khan_samia@yahoo.com', 'Ailsa Gate, Barrhead  G78 1PU', '+44 3425 881290', 'student', 'service_user', 'active');
INSERT INTO profiles
    (first_name, last_name, gender, nationality_id, language_id,
    date_of_birth, email, address, phone_number, occupation, type, status, how_did_they_hear)
values
    ('Usman', 'Zaim', 'male', 63, 7, '1982-05-16', 'zaimusman@hotmail.com', 'Broomhill Path  G11 7AL', '+44 1121 120956', 'driver', 'service_user', 'active', 'ESOL class visit');
INSERT INTO profiles
    (first_name, last_name, gender, nationality_id, language_id,
    date_of_birth, email, address, phone_number, occupation, type, status, how_did_they_hear)
values
    ('Darren', 'Scarlat', 'male', 100, 22, '1962-02-07', 'Darren_slet@yahoo.co.uk', 'Zena Crescent  G33 1HZ', '+44 1672 334675', 'student', 'volunteer', 'active', 'ESOL class visit');
INSERT INTO profiles
    (first_name, last_name, gender, nationality_id, language_id,
    date_of_birth, email, address, phone_number, occupation, type, status, how_did_they_hear, notes)
values
    ('Mozafer', 'Haider', 'male', 194, 18, '1986-02-07', 'kabaros@mozafariscool.com', 'St. Vincent
Crescent  G3 1RH', '+44 876 3289', 'developer', 'volunteer', 'active', 'Heard through the grapevine', 'Don''t add me to groups!');

INSERT INTO profile_group
    (profile_id,group_id)
VALUES
    (1, 1);
INSERT INTO profile_group
    (profile_id,group_id)
VALUES
    (1, 9);
INSERT INTO profile_group
    (profile_id,group_id)
VALUES
    (5, 5);
INSERT INTO profile_group
    (profile_id,group_id)
VALUES
    (8, 3);
INSERT INTO profile_group
    (profile_id,group_id)
VALUES
    (1, 8);
INSERT INTO profile_group
    (profile_id,group_id)
VALUES
    (12, 9);
INSERT INTO profile_group
    (profile_id,group_id)
VALUES
    (9, 3);
INSERT INTO profile_group
    (profile_id,group_id)
VALUES
    (6, 6);
INSERT INTO profile_group
    (profile_id,group_id)
VALUES
    (11, 3);
INSERT INTO profile_group
    (profile_id,group_id)
VALUES
    (7, 8);
INSERT INTO profile_group
    (profile_id,group_id)
VALUES
    (5, 4);
INSERT INTO profile_group
    (profile_id,group_id)
VALUES
    (5, 3);
INSERT INTO profile_group
    (profile_id,group_id)
VALUES
    (2, 2);
INSERT INTO profile_group
    (profile_id,group_id)
VALUES
    (8, 6);
INSERT INTO profile_group
    (profile_id,group_id)
VALUES
    (2, 7);
INSERT INTO profile_group
    (profile_id,group_id)
VALUES
    (3, 2);
INSERT INTO profile_group
    (profile_id,group_id)
VALUES
    (8, 1);
INSERT INTO profile_group
    (profile_id,group_id)
VALUES
    (10, 1);
INSERT INTO profile_group
    (profile_id,group_id)
VALUES
    (2, 10);
INSERT INTO profile_group
    (profile_id,group_id)
VALUES
    (1, 3);
INSERT INTO profile_group
    (profile_id,group_id)
VALUES
    (4, 5);
INSERT INTO profile_group
    (profile_id,group_id)
VALUES
    (9, 1);
INSERT INTO profile_group
    (profile_id,group_id)
VALUES
    (4, 8);
INSERT INTO profile_group
    (profile_id,group_id)
VALUES
    (6, 2);
INSERT INTO profile_group
    (profile_id,group_id)
VALUES
    (10, 2);
INSERT INTO profile_group
    (profile_id,group_id)
VALUES
    (2, 4);
INSERT INTO profile_group
    (profile_id,group_id)
VALUES
    (4, 4);
INSERT INTO profile_group
    (profile_id,group_id)
VALUES
    (9, 9);
INSERT INTO profile_group
    (profile_id,group_id)
VALUES
    (12, 3);
INSERT INTO profile_group
    (profile_id,group_id)
VALUES
    (10, 5);
INSERT INTO profile_group
    (profile_id,group_id)
VALUES
    (2, 1);
INSERT INTO profile_group
    (profile_id,group_id)
VALUES
    (6, 4);
INSERT INTO profile_group
    (profile_id,group_id)
VALUES
    (6, 8);
INSERT INTO profile_group
    (profile_id,group_id)
VALUES
    (1, 5);
INSERT INTO profile_group
    (profile_id,group_id)
VALUES
    (1, 7);
INSERT INTO profile_group
    (profile_id,group_id)
VALUES
    (12, 8);
INSERT INTO profile_group
    (profile_id,group_id)
VALUES
    (7, 6);
INSERT INTO profile_group
    (profile_id,group_id)
VALUES
    (11, 10);
INSERT INTO profile_group
    (profile_id,group_id)
VALUES
    (8, 4);
INSERT INTO profile_group
    (profile_id,group_id)
VALUES
    (11, 5);
INSERT INTO profile_group
    (profile_id,group_id)
VALUES
    (4, 9);
INSERT INTO profile_group
    (profile_id,group_id)
VALUES
    (4, 2);
INSERT INTO profile_group
    (profile_id,group_id)
VALUES
    (7, 2);
INSERT INTO profile_group
    (profile_id,group_id)
VALUES
    (7, 4);
INSERT INTO profile_group
    (profile_id,group_id)
VALUES
    (1, 6);
INSERT INTO profile_group
    (profile_id,group_id)
VALUES
    (7, 1);
INSERT INTO profile_group
    (profile_id,group_id)
VALUES
    (8, 10);
INSERT INTO profile_group
    (profile_id,group_id)
VALUES
    (7, 5);
INSERT INTO profile_group
    (profile_id,group_id)
VALUES
    (12, 10);
INSERT INTO profile_group
    (profile_id,group_id)
VALUES
    (12, 1);
INSERT INTO profile_group
    (profile_id,group_id)
VALUES
    (1, 10);


INSERT INTO profile_languages
    (profile_id,language_id)
VALUES
    (1, 2);